ID,Agglomeration_ID,Name,Country,continent,iso2,iso3,lat,lng,population,Cx,Cy,NBuildings,TotalFootprint,MeanBuildingArea,MedianBuildingArea,VarBuildingArea,MeanDistanceBuildings,WMeanDistanceBuildings,MaxBuildingsDistance,MeanDistanceBuildingsY,WMeanDistanceBuildingsY,MaxBuildingsDistanceY,MeanDistanceBuildingsG,WMeanDistanceBuildingsG,MaxBuildingsDistanceG,Elongation,Sprawl,CentreLon,CentreLat,CentreDensity,NBuildingsCentre1km,TotalFootprintCentre1km,NBuildingsCentre3km,TotalFootprintCentre3km,MeanArea0100m,MeanArea0250m,MeanArea0500m,MeanArea0750m,MeanArea1000m,MeanArea1500m,MeanArea2000m,MeanArea2500m,MeanArea3000m,MeanArea4000m,FootpLargeBuildings050m,FootpLargeBuildings100m,FootpLargeBuildings200m,HullArea,MeanRemoteness,waterTariff15 m3,waterTariff50 m3,waterTariff100 m3,UrbWaterSafelyManaged,UrbWaterPremises,UrbWaterFreeContamination,UrbWaterPiped,UrbLimitedWater(more than 30m),UrbanUnimprovedSanitation,UrbPopwith Water Premises,UrbPopWithPipedWater,MeanCritInf
AGO9000050,5331,Luanda,Angola,Africa,AO,AGO,-8.924,13.385,6979211,13.22341,-8.823057,2787256,142620820.9,51.16889904,28.8202,8590.35022,16.31220921,15.9201752,59.28021643,16.47453439,16.2750645,60.21838673,16.42575676,16.00600326,60.36276072,0.004399094,0.00051735,13.21809852,-8.839280708,4923008003,27261,1180681.813,107217,5323860.569,32.99408516,38.0183436,42.04337751,43.64278416,43.31028988,44.13173676,46.05998434,47.72157397,49.65500405,49.72642862,0.717959816,0.451511195,0.197600608,946.5448158,4.758688121,19.92,58.98,114.78,0,54.73917628,0,59.48237272,9.558837489,6.33215194,3820362.612,4151400.3,0.123238622
BDI9000710,2195,Bujumbura,Burundi,Africa,BI,BDI,-3.472,29.414,1043847,29.365646,-3.392238,455196,22232107.61,48.84073588,26.4446,5480.274641,10.38212666,8.903225541,42.02654095,10.29508432,8.694330241,41.94979451,10.27914197,8.786170044,41.74418944,0.007899112,0.000748719,29.39090702,-3.345926028,4686167713,22933,1117399.36,113890,6234992.51,46.64277785,47.62317696,47.76165332,47.71568087,48.7245175,52.03865673,53.16154949,54.07626942,54.74574159,54.03663236,0.697458927,0.464106813,0.221280486,495.8377309,6.830500636,4.23,25.14,52.41,0,58.46885251,0,90.86749341,8.034462869,12.48594921,610325.3629,948517.6039,0.051516137
BFA9000290,1975,Bobo-Dioulasso,Burkina Faso,Africa,BF,BFA,11.1833,-4.2833,667853,-4.305421,11.182196,429028,18454260.29,43.01411631,24.17285,3472.187594,6.156328871,5.996986357,18.20861341,6.125196837,5.930574315,18.14056426,6.100664575,5.950188309,17.99264025,0.003756414,0.000666927,-4.32003456,11.18174476,3808361631,16535,795238.2465,85079,4259937.802,47.11971983,45.93603631,47.18598474,46.74161983,48.09423928,47.40394937,48.89031198,51.05680772,50.07037932,49.62599073,0.669524796,0.38934562,0.115392081,152.4298014,6.718158985,11.08,NA,NA,0,59.4099852,0,77.57191107,14.10170346,3.216081277,396771.3685,518066.3352,0.049291645
BFA9000343,7156,Ouagadougou,Burkina Faso,Africa,BF,BFA,12.3686,-1.5275,2299007,-1.526417,12.3748,1863006,57864162.26,31.05956838,18.0425,2479.803952,11.20589537,10.49499234,34.27318549,11.30296139,10.67160312,34.73477837,11.24229845,10.53742533,35.83840674,0.003992956,0.00066297,-1.526934589,12.37860382,3792801216,14320,730865.7159,103171,4701333.451,78.15230993,74.65116972,57.64319697,52.6986234,51.03810865,53.41371484,49.67238141,47.39270542,45.56836176,41.54896598,0.526349258,0.310043162,0.098161285,507.1702056,5.393627513,11.08,75.09,196.9,0,59.4099852,0,77.57191107,14.10170346,3.216081277,1365839.718,1783383.666,0.132602715
CAF9000856,1589,Bangui,Central African Republic,Africa,CF,CAF,4.398,18.55,945883,18.558051,4.385985,352707,14714596.97,41.71903866,24.8745,3022.731798,5.309358637,5.567376277,20.10235045,5.358365175,5.633446454,20.46707672,5.343908359,5.604339474,20.13588227,0.004644271,0.00050318,18.53788508,4.374468117,3695339765,17088,682603.8153,125793,4799030.612,47.5583137,42.71260505,40.98095276,40.87390749,39.94638432,38.94367573,38.24639836,38.01757145,38.1502199,39.85100951,0.643293188,0.342572469,0.116492377,116.3549846,3.332438686,5.13,32.64,74.61,11.25368045,11.25368045,39.52201557,31.34300893,35.6621418,39.62098574,106446.6503,296468.1932,0.043218342
CIV9000140,32,Abidjan,Côte d'Ivoire,Africa,CI,CIV,5.368,-3.949,4717347,-4.020657,5.329587,1003254,73831574.21,73.5921055,32.24865,18627.15992,12.31490275,12.52829535,41.19337331,12.28478034,12.48234278,41.2668424,12.21837053,12.38873646,41.37566575,0.004248653,0.000589757,-3.911674773,5.251295261,5279943020,16319,1280559.021,49010,4120693.014,71.77327222,87.3283115,83.36636528,81.86434834,78.47043453,80.69205118,81.71594523,83.73043171,84.0786169,77.70879774,0.833542334,0.680664373,0.396319492,422.1554027,4.080391022,NA,NA,NA,58.77486968,73.1512155,63.78205276,66.29143935,4.215108919,8.934661055,3450796.67,3127197.225,0.161029964
COD9000028,4858,Kinshasa,Congo (Kinshasa),Africa,CD,COD,-4.408,15.293,7270000,15.317455,-4.30072,1487075,69626325.52,46.82099122,26.5991,4914.244721,12.24465514,11.75693295,45.43995838,12.22170013,11.62159088,44.94048412,12.29439224,11.79133971,44.10783694,0.004826098,0.000544287,15.37593464,-4.38406548,4683788079,21016,1063403.998,140762,6537671.97,56.80903632,58.90731729,52.77081546,50.37372288,50.59973344,48.268116,46.66284704,46.65430896,46.44486417,45.85929414,0.688743509,0.411399725,0.166555815,464.6561343,3.718764723,5.21,26.82,62.92,24.15145188,24.15145188,60.02005575,67.41053633,30.37805024,47.33720035,1755810.552,4900745.991,0.136737594
COG9000447,2158,Brazzaville,Congo (Brazzaville),Africa,CG,COG,-4.242,15.263,1588304,15.287819,-4.270639,546096,31916825.13,58.44544755,33.374,5403.283467,8.647186412,8.793114404,39.24350625,8.650165008,8.735567049,39.72445076,8.602914803,8.791893402,39.99857742,0.006156061,0.000464229,15.27970087,-4.220514642,4913605507,18680,1071220.041,112218,6250713.604,61.31686638,58.7696521,58.29681333,59.02571686,57.34582662,54.36690532,54.61774903,55.45291192,55.70152386,56.09565693,0.778788066,0.54240952,0.172492204,244.5540626,3.611586149,8.27,15.87,26.72,58.62640375,69.19041476,58.62640375,76.34176862,10.37996439,0,1098954.125,1212539.365,0.091034254
DZA9000226,631,Algiers,Algeria,Africa,DZ,DZA,36.681,3.036,3886202.077,3.057377,36.775243,1095927,81797134.98,74.63739371,36.2711,14556.61274,19.51889164,19.59197953,65.93905775,19.36620787,19.43304393,65.69978336,19.33044775,19.48679803,65.83412072,0.006461281,0.000879343,3.403204517,36.75345517,3091451064,5676,687485.0148,27724,2697672.389,173.165636,146.9930439,115.7217735,119.3359804,121.1213909,117.5903672,103.7967568,100.5993341,97.30458769,86.12518908,0.835612622,0.660763825,0.361056637,985.8623186,6.899570165,NA,NA,NA,73.1110134,81.24197415,88.63238815,75.38527924,3.61262384,1.68085288,3157227.287,2929624.288,0.1872603
DZA9000314,7110,Oran,Algeria,Africa,DZ,DZA,35.6969,-0.6331,1043423.893,-0.639587,35.698876,237827,16826553.69,70.75123383,35.2638,16092.03823,7.243121015,7.031351284,21.25165715,7.276586831,7.146463778,21.31187335,7.226040131,7.032553781,21.19952915,0.004591347,0.000828364,-0.624679492,35.69431342,2991512212,10404,763238.1337,59315,4206989.466,61.60372115,63.78362037,67.35459887,73.46679851,73.36006668,69.81867537,70.52121789,71.42744325,70.92623225,70.48321623,0.813117986,0.617435759,0.347785964,163.1778016,5.704466767,2,11.74,39.32,73.1110134,81.24197415,88.63238815,75.38527924,3.61262384,1.68085288,847698.1694,786588.0154,0.160376315
DZA9000574,2503,Constantine,Algeria,Africa,DZ,DZA,36.365,6.6147,703927.4417,6.639212,36.356914,131979,10972817.7,83.14063372,44.1702,15940.58557,8.082053016,8.499411671,26.68242586,8.086686742,8.525420627,26.63071619,8.026151098,8.434123849,26.7826638,0.007138569,0.001017229,6.652707343,36.34233858,2383500535,7787,480074.9155,27657,1965142.161,57.61413275,48.77196512,50.78745147,59.20218932,61.65081745,68.61299279,72.6549427,72.56786301,71.05406086,74.43232925,0.862423281,0.688264805,0.381872767,169.7820677,7.320770522,NA,NA,NA,73.1110134,81.24197415,88.63238815,75.38527924,3.61262384,1.68085288,571884.5502,530657.6676,0.124113214
EGY9000011,2320,Cairo,Egypt,Africa,EG,EGY,30.13,31.324,22995802,31.244742,30.044036,3494870,268702403.8,76.88480653,35.22385,18524.16984,36.99767006,34.88534742,116.1743079,36.88983494,34.67848593,115.8789339,36.97083718,34.97724232,115.9086804,0.006280862,0.000989379,31.28601496,30.10254765,4333307305,11082,951190.8651,75601,7168802.83,84.43735514,75.57848807,84.47521108,81.27382534,85.83205785,90.74064991,97.08251012,96.4492692,94.82417997,96.37499942,0.838219015,0.669284198,0.421786409,2576.845567,3.432195117,0.81,5.8,14.58,0,98.37653761,0,98.66789051,0.105783953,0.044126399,22622473.8,22689472.74,0.166193916
EGY9000146,597,Alexandria,Egypt,Africa,EG,EGY,31.125,29.797,6585102,29.900151,31.198284,984035,67196703.92,68.28690435,34.0647,14690.94471,31.91483429,30.24586327,107.2025722,31.86639786,30.57359509,107.0173694,32.02673732,30.47501278,107.4767525,0.011589806,0.001595386,29.76446975,31.09797476,4061316801,9891,1053132.694,48406,4660454.911,92.07680847,98.02939399,99.61519812,109.6947678,106.4738342,105.7333387,100.7252093,96.96753139,96.27845538,95.04867965,0.816333727,0.612926869,0.333326686,782.3868955,6.534153591,19.06,63.55,127.1,0,98.37653761,0,98.66789051,0.105783953,0.044126399,6478195.346,6497381.231,0.120230131
ETH9000261,159,Addis Ababa,Ethiopia,Africa,ET,ETH,8.884,38.773,3711329,38.763636,9.029667,1840785,88958313.21,48.32629188,25.5834,9554.147421,15.9083346,16.07638827,67.26369472,16.28382227,16.41079088,67.2025662,16.03999764,16.21793618,66.53736086,0.006320223,0.00054908,38.67921927,9.06861002,3934465778,19259,906100.762,87170,3886503.74,46.06234143,50.82203661,48.20368187,47.65527869,47.04817291,47.03676069,46.04963168,44.92420388,44.58533601,43.6811491,0.693869288,0.439870686,0.241744465,569.3513573,4.531238395,1.48,7.5,17.82,38.57991993,76.06570577,38.57991993,85.32558702,14.11583747,45.9140579,2823048.597,3166713.255,0.196108482
GAB9000947,5271,Libreville,Gabon,Africa,GA,GAB,0.3903,9.4542,885670,9.455381,0.424604,346044,27831567.11,80.4278274,47.05835,13506.09016,10.19569227,10.59840384,51.77436336,10.52566165,10.70459796,52.34139377,10.44854087,10.76465224,52.22556886,0.008697429,0.000523853,9.459421533,0.393814236,4397458619,14334,976314.6225,81632,6024783.395,68.85326503,69.06135048,64.5467405,64.91539579,68.11180567,70.11622422,72.83970673,74.08324122,73.80418703,74.79885498,0.861410933,0.675343441,0.338846013,264.9177283,8.269956125,12.08,40.28,80.56,0,76.63092078,0,94.4435187,7.462773575,16.80774562,678697.0761,836457.9121,0.058643169
GHA9000354,145,Accra,Ghana,Africa,GH,GHA,5.657,-0.203,4452483,-0.20069,5.554804,2326436,168464070,72.41293978,30.068,13526.3234,21.67216427,21.76964183,80.2014643,21.68206982,21.49476862,79.8241896,21.68176967,21.62586813,80.77459604,0.005476128,0.000621053,-0.038890767,5.691627241,5432369124,13662,993291.5548,69454,5020529.65,97.13432889,89.80097283,84.05565913,77.85773811,72.70469586,65.37691366,66.39700094,70.42422796,72.28568046,74.06014736,0.834685844,0.693331308,0.411617368,1062.120935,5.613759306,NA,NA,NA,62.56317,65.3230452,62.56317,72.76579307,1.574165495,5.847692796,2908497.483,3239884.566,0.164806002
GHA9000400,5112,Kumasi,Ghana,Africa,GH,GHA,6.683,-1.627,2802344,-1.609897,6.699519,770012,73619871.25,95.60873239,40.75095,15473.93143,12.17375194,12.60545887,41.08164707,12.10703747,12.6402783,40.5511384,12.25622072,12.73195807,41.02561345,0.004243217,0.000578713,-1.612767027,6.687455457,3550018208,9465,727918.9133,64999,4504756.433,76.53616224,77.78836255,75.95156006,75.11323492,76.90638281,72.40392575,69.74643255,69.02883081,69.30501135,70.16033899,0.886455251,0.7807877,0.557415549,584.2963747,3.876981963,NA,NA,NA,62.56317,65.3230452,62.56317,72.76579307,1.574165495,5.847692796,1830576.438,2039147.836,0.137334409
GIN9000480,2500,Conakry,Guinea,Africa,GN,GIN,9.5092,-13.7122,2186966,-13.682263,9.533251,789202,49842487.54,63.15555149,30.96125,7496.655856,13.89361876,13.85006022,51.90323637,13.95121394,14.17720692,51.73621644,14.00750515,13.87316766,51.29952973,0.006515377,0.000725097,-13.65273927,9.565538772,4402775567,20660,1096387.276,103917,5903907.684,56.60765556,57.83944353,55.87998182,54.32609703,53.06811598,57.02407304,55.28628821,55.74427755,56.81368481,57.80806527,0.813921448,0.623677574,0.256982188,324.1680833,15.49641241,NA,NA,NA,0,70.43133125,0,47.34909068,6.102359119,3.437085421,1540309.268,1035508.514,0.069241434
KEN9000114,6509,Nairobi,Kenya,Africa,KE,KEN,-1.181,36.813,5877118,36.822033,-1.288026,2097878,112001641.2,53.38806221,26.11655,9903.963724,22.3102217,20.5922829,66.43772999,22.08986382,20.38016846,66.20485658,22.19428585,20.30040932,66.48821182,0.005563493,0.000974408,36.87442239,-1.310943503,4997216961,13015,1100393.062,73436,6558950.153,59.70989695,62.93898635,76.86918941,85.73540343,84.54806471,92.17679491,93.71900443,90.28293943,89.3151881,86.1528187,0.745316432,0.525921143,0.264040556,1488.383364,4.943045373,7.34,27.82,59.78,0,63.03220657,0,60.45499191,3.617562673,14.40274949,3704477.158,3553011.211,0.144860275
KEN9000197,6212,Mombasa,Kenya,Africa,KE,KEN,-4.003,39.693,1257654,39.657254,-4.040853,332877,23588291.92,70.86188568,37.3952,10727.59666,9.796392461,9.520353533,39.11194726,9.828402886,9.562100155,39.26144691,9.830386152,9.373596165,39.12892241,0.007136843,0.0006954,39.66335391,-4.092263546,5828800800,13556,1265853.695,46149,4172508.88,116.777663,97.19605959,98.93687481,99.04664178,93.379588,88.086071,89.31923035,89.82585921,90.41385251,87.89933866,0.825461801,0.637236125,0.325525156,201.8003452,6.365517271,17.94,64.68,138.91,0,63.03220657,0,60.45499191,3.617562673,14.40274949,792727.0672,760314.624,NA
KEN9000624,4903,Kisumu,Kenya,Africa,KE,KEN,0.37,34.764,5040159,34.754064,-0.104713,2890811,106882934.6,36.97333882,24.7186,2174.224217,48.99197722,47.95722517,138.8992299,49.07707559,47.6805089,140.7172936,49.1009642,47.94238109,139.7330925,0.011906678,0.002300678,34.78269233,-0.091492477,3412632974,13156,744989.0403,63523,3747620.414,57.84897706,63.50726407,59.34537357,57.59458345,56.6273214,57.73524988,59.49610096,58.66470902,58.99627558,58.84485926,0.556508472,0.259855969,0.08943382,614.6820914,29.15518813,13.23,49.99,109.73,0,63.03220657,0,60.45499191,3.617562673,14.40274949,3176923.432,3047027.716,0.01722504
LBR9000753,6224,Monrovia,Liberia,Africa,LR,LBR,6.3133,-10.8014,1190635,-10.807427,6.315606,404634,27259101.9,67.36730452,34.0232,9027.804372,10.1057672,10.31451338,38.09413486,10.24520519,10.4430259,37.84209597,10.16258633,10.32057011,37.6562263,0.006466172,0.000706781,-10.8087331,6.31599911,3755373169,10668,704782.5491,28999,1708479.258,71.72520196,67.65427828,66.22205371,70.6048562,66.06510584,59.79638913,57.92378108,57.93631462,58.91510942,61.06450061,0.817804969,0.631946902,0.306785361,246.6967429,9.59529618,NA,NA,NA,0,28.22421073,0,10.35906586,11.61527832,14.16225083,336047.3314,123338.6638,0.032894872
MDG9000316,1235,Antananarivo,Madagascar,Africa,MG,MDG,-18.9333,47.5167,2500317,47.521472,-18.903926,696311,27063808.4,38.8674147,22.0563,5601.480068,8.424955859,8.619004956,35.44600696,8.3130276,8.382026724,35.53481466,8.415239079,8.587187007,35.24029676,0.006038343,0.000529826,47.52739372,-18.90026144,3866377120,19949,925951.0081,146225,5824172.169,31.04858986,39.38946872,41.11303872,44.23899221,46.41591098,42.03906119,42.23591392,41.23714616,39.83020803,39.07417733,0.603616291,0.349944755,0.169752128,344.2662171,4.154735493,NA,NA,NA,41.29074778,41.29074778,55.16587539,65.96929185,7.559895989,29.34756401,1032399.586,1649441.419,0.073868331
MOZ9000645,2478,Maputo,Mozambique,Africa,MZ,MOZ,-25.758,32.592,2607026,32.573368,-25.96887,1626157,57226897.25,35.19149581,20.5324,3508.588374,13.74535925,13.45465191,61.38008146,13.68757385,13.63642911,60.1271919,13.6442785,13.82746647,60.56246528,0.007190719,0.000560073,32.57264603,-25.93720991,3015209248,20064,717789.8118,156181,5260425.867,33.1184834,47.61887573,48.0286073,40.14719816,35.77501056,31.81092254,31.30321758,32.29601218,33.68159934,35.03806138,0.561565738,0.299446037,0.124089444,918.810157,8.295246169,11.05,46.73,97.68,0,64.7113734,0,76.93186882,5.408602764,22.93767949,1687042.329,2005633.822,0.073356339
MRT9000705,6852,Nouakchott,Mauritania,Africa,MR,MRT,18.0858,-15.9785,1060776,-15.96572,18.079224,798517,29420156.79,36.84349462,16.2345,3990.756724,7.365020817,6.852038455,30.69730063,7.407408195,6.93818745,30.15477724,7.385345855,6.883898865,30.74625479,0.005015597,0.00044842,-15.98878611,18.07263774,4354253318,14017,1009086.147,99185,5787529.435,88.31349551,83.57619483,79.64124784,73.13485664,71.99016527,68.29346763,61.27169794,59.27138777,58.35085381,55.9274648,0.660326674,0.453049483,0.14451677,209.6008958,5.018669803,NA,NA,NA,0,84.32551294,0,75.09627433,4.903129666,5.526969449,894504.8031,796603.255,0.083674052
MWI9000775,5275,Lilongwe,Malawi,Africa,MW,MWI,-13.982,33.761,1124965,33.778942,-13.975411,540453,26098386.25,48.28983511,28.5674,6564.265534,9.833079575,9.340418232,32.52198315,9.899771318,9.334168568,32.62273412,9.826652666,9.323113568,32.5336778,0.005641767,0.000801042,33.77970605,-14.01993834,3440977482,17927,749851.7655,76279,3503613.964,50.72171403,43.8653395,42.41264466,41.84460132,41.82806747,42.49457517,44.29896344,45.80385745,45.93156654,47.35914459,0.675041171,0.415536951,0.207337462,277.5451329,6.394226386,16.54,68,141.51,52.37389891,52.37389891,66.54302169,76.58793513,9.993057632,11.83781003,589188.0319,861587.4644,0.073567835
NAM9002093,9001,Windhoek,Namibia,Africa,NM,NAM,-22.57,17.0836,357256,17.084942,-22.570782,862170,43658460.66,50.63787961,23.82945,7876.634515,6.182717438,6.07665775,17.70200416,6.261639466,6.111671956,17.65322723,6.264329583,6.181212845,17.57273212,0.002374287,0.000449844,17.01821514,-22.51107064,8775183163,74562,2120727.945,272361,8075409.261,27.71260892,26.32071366,28.75615349,28.6871447,28.44247666,27.59207036,28.14799561,29.00307839,29.64965344,32.30135303,0.722507821,0.518305658,0.286181423,123.1435151,12.21695335,39.23,174.18,664.85,0,74.87291253,0,97.08345589,2.584213751,8.892958323,267487.9724,346836.4712,0.177479175
NER9000747,6741,Niamey,Niger,Africa,NE,NER,13.515,2.1175,1071481,2.115695,13.510497,578823,24989033.78,43.1721507,20.2435,4163.426403,7.506811628,7.214174299,24.20975516,7.533864709,7.227289897,24.2093274,7.544765754,7.214618849,24.09004879,0.004292009,0.000640923,2.117823361,13.51726832,3526011152,14749,781502.3485,94446,4883813.003,64.35745461,63.61504881,57.81965335,54.38254119,52.98680239,52.20096587,52.78749692,52.5415852,51.71010951,49.28280027,0.715324354,0.462418297,0.146108272,217.2888521,6.135212595,5.88,27.75,70.49,0,66.85200345,0,93.03693365,9.188039636,8.541593093,716306.5151,996873.067,0.081995655
NER9001469,234,Agadez,Niger,Africa,NE,NER,16.9959,7.9828,119502,7.983744,16.975451,102596,2684566.464,26.16638528,13.4362,1339.816607,2.644639948,2.647215666,8.864296794,2.645800582,2.623764547,8.818429225,2.64344032,2.6417761,8.704893184,0.004794597,0.000662844,7.988922005,16.97160359,3136906201,21169,587954.6615,85424,2248171.427,25.61943471,28.2853942,26.97989645,27.17681354,27.77432385,28.52658431,27.34279367,26.68678614,26.31779625,26.10258685,0.51361716,0.247238318,0.0695192,28.10467485,7.431307917,5.88,NA,NA,0,66.85200345,0,93.03693365,9.188039636,8.541593093,79889.48116,111180.9965,0.01543735
NGA9000198,4519,Kano,Nigeria,Africa,NG,NGA,11.998,8.526,3888582,8.543478,12.004196,1268906,55978246.3,44.11536103,25.0315,6269.975359,9.268591092,9.027774714,29.71529819,9.268020874,9.060840237,30.3048264,9.207314448,8.98291381,30.03779284,0.003519779,0.00053186,8.483052623,12.03312286,4629714760,28905,1116692.498,159814,6151667.229,36.54492168,38.11554834,38.90578308,38.80332248,38.63319489,38.57007877,38.32344452,38.16548455,38.4926679,38.4352608,0.640432593,0.402212492,0.185831703,334.8505004,3.579035641,8.61,21.52,39.98,35.73452076,47.55370442,35.73452076,15.48848079,2.923982673,10.74885568,1849164.79,602282.2761,0.126774111
NGA9000202,133,Abuja,Nigeria,Africa,NG,NGA,9.083,7.466,1998816,7.500088,9.061038,862943,64210158.6,74.40834285,36.1807,12527.73789,17.32972506,17.17526439,48.23798134,17.2263591,16.90227525,48.55320674,17.3364592,17.1250171,48.36660396,0.005334973,0.00106943,7.180685844,9.17894222,5093289382,16747,1054986.228,50700,3576078.774,52.16512551,56.26048918,58.31887361,60.62733128,62.99553519,63.06602568,65.0640628,68.60046445,70.5340981,71.40025097,0.843042644,0.663661328,0.390596248,513.521518,11.44304097,7.94,26.48,52.96,35.73452076,47.55370442,35.73452076,15.48848079,2.923982673,10.74885568,950511.0525,309586.2322,0.076613837
NGA9000218,3853,Ibadan,Nigeria,Africa,NG,NGA,7.3964,3.9167,3088477,3.880976,7.388616,914226,96928445.93,106.0224123,83.0393,11482.60977,12.2840401,12.16652723,41.30357356,12.17395967,12.1640264,41.15918133,12.19570392,12.21662681,41.64987422,0.003717979,0.000510774,3.888233741,7.377798665,5308111890,13759,1233471.095,83691,7984365.487,97.41330584,94.83492596,91.00923431,90.21444068,89.64830985,92.0167769,93.51400432,94.16809989,95.40291652,98.29924281,0.923077217,0.814533389,0.410242983,622.7220632,4.022388621,2.58,NA,NA,35.73452076,47.55370442,35.73452076,15.48848079,2.923982673,10.74885568,1468685.224,478358.1668,0.091358172
NGA9002027,5199,Lagos,Nigeria,Africa,NG,NGA,6.668,3.316,11847635,3.369433,6.481701,2363451,229367781.1,97.04782589,54.0919,18116.41745,21.32726623,20.85345955,85.30164601,21.45264814,21.04622971,84.94010995,21.25788048,20.60555032,84.10604047,0.004991558,0.000484626,3.309264872,6.619083986,5723475939,12639,1289195.301,88954,9003926.866,103.079842,106.385941,104.095986,102.3787467,102.0013689,102.612007,101.0421006,100.9713562,101.2200336,102.8247507,0.896404134,0.77330637,0.455233202,1098.254623,4.064694038,8.28,27.6,55.2,35.73452076,47.55370442,35.73452076,15.48848079,2.923982673,10.74885568,5633989.329,1835018.671,0.129379672
NGA9002166,9,Aba,Nigeria,Africa,NG,NGA,5.1167,7.3667,1687158,7.371733,5.112223,342062,29969739.97,87.61493521,54.34445,11598.37428,13.46819996,12.96818628,58.01258612,13.59405009,13.12963332,58.14355523,13.77160978,13.33550131,58.04760415,0.009391299,0.000786168,7.375669558,5.094950997,4134436384,9810,846460.1633,49177,4666864.319,100.6760906,93.11346166,84.72961416,86.01979401,86.28543968,90.08867971,92.98062985,94.49939544,94.89932934,95.97539173,0.881792112,0.712854319,0.369237461,756.9463167,8.024758448,11.21,NA,NA,35.73452076,47.55370442,35.73452076,15.48848079,2.923982673,10.74885568,802306.1284,261315.1427,0.048489542
NGA9002172,7098,Onitsha,Nigeria,Africa,NG,NGA,6.1667,6.7833,8530514,6.780007,6.144756,1871744,163949516.3,87.59184818,54.09095,10009.12827,36.14099497,37.02206726,110.3864745,36.17331554,37.02470128,110.4530926,36.33741212,37.07688594,110.4900098,0.007640218,0.001272006,6.780852823,6.119309497,4725248468,8985,947804.5737,48920,5215394.361,91.27670172,104.4317338,104.8421142,106.7596498,105.4874317,105.142605,104.9392661,106.7949026,106.6106779,100.8061027,0.882949037,0.722967541,0.367344879,2568.221295,16.01102696,19.14,NA,NA,35.73452076,47.55370442,35.73452076,15.48848079,2.923982673,10.74885568,4056575.413,1321247.022,0.029968354
RWA9000667,4802,Kigali,Rwanda,Africa,RW,RWA,-1.797,30.01,2202094,30.061746,-1.943627,1242567,52905183.54,42.57732866,25.5491,4041.068461,26.08013505,25.08871692,123.9388975,25.83277931,23.87498602,122.615302,26.04652009,24.41340266,124.3826685,0.015100922,0.001038539,30.05384972,-1.963973568,4287419238,23301,1052358.388,106420,5199529.678,54.85058496,49.34454248,47.74767844,46.37595196,45.16365769,46.54074764,48.71837762,48.99467514,48.85857619,48.42490819,0.631702305,0.367798421,0.162691685,1421.186693,12.82639426,11.55,49.13,106.05,54.58782606,54.58782606,90.15316351,81.96117081,7.263819215,7.360370959,1202075.242,1804862.025,0.046379635
SEN9000546,2545,Dakar,Senegal,Africa,SN,SEN,14.738,-17.458,3067637,-17.432382,14.669518,700232,41530592.67,59.30976115,28.7783,10829.92,10.46749556,10.4551752,32.01160825,10.47167935,10.27453704,31.88832832,10.45802979,10.36561207,31.94389935,0.004402186,0.000731061,-17.39240337,14.76197882,4653951046,15158,1003071.469,106199,6318458.278,82.03709207,77.3125176,73.99186232,70.65001002,66.17439432,61.99920656,60.62626504,60.47178564,59.49640089,58.74728542,0.781767288,0.572719886,0.272454035,216.8636061,6.019576783,8.64,53.99,120.52,41.25821742,88.95990519,41.25821742,88.06734148,0.750744434,3.614160654,2728966.967,2701586.352,0.119591365
SLE9000804,3280,Freetown,Sierra Leone,Africa,SL,SLE,8.4844,-13.2344,1456596,-13.242814,8.479694,441356,25090386.59,56.84840943,28.3641,5939.852363,11.72418657,11.78926247,38.4738572,11.74753163,12.11117011,38.38493347,11.76935743,11.99337633,38.54436537,0.006807019,0.000981761,-13.24130732,8.478649588,4259904454,16950,905655.1614,91285,4811400.325,52.60219217,50.09759973,48.36180072,50.9510624,53.43098297,54.09292758,52.39305879,51.82173749,52.70745824,54.49239506,0.766016181,0.551218336,0.263365344,203.6727762,5.375607802,3.62,13.68,30.18,12.24918216,22.09928033,12.24918216,30.83685515,10.65922258,13.90268042,321897.2333,449168.3986,0.04279856
TZA9000066,2622,Dar es Salaam,Tanzania,Africa,TZ,TZA,-6.807,39.177,5325879,39.287809,-6.820017,1879784,102920318.5,54.75114085,29.5893,6950.388881,17.28245715,17.3417421,64.99869118,17.39596257,17.69955452,64.89062362,17.37384064,17.54972479,64.79315892,0.005678047,0.00062347,39.23606131,-6.793662567,4514949744,27011,1045723.666,150697,7111860.432,35.29996321,34.39659904,36.92691071,37.07218279,38.71473347,41.24057947,44.85450847,46.14170859,47.19311222,49.79332682,0.763461987,0.527320271,0.173690669,1097.930947,4.959235536,10.98,36.59,73.17,25.47814469,66.90497679,25.47814469,63.43388832,15.70290598,9.921407786,3563278.109,3378412.137,0.16130542
TZA9002994,2821,Dodoma,Tanzania,Africa,TZ,TZA,-6.1731,35.7419,267470,35.748493,-6.181409,166461,10544956.86,63.34791249,32.8849,6395.830737,6.325172989,5.9813832,27.21450595,6.401918112,6.063272971,27.25795233,6.403252644,6.015489829,27.3091896,0.007427164,0.000623135,35.74345191,-6.178416717,3144331769,7558,566013.9256,45975,3121920.599,66.45394437,71.53770736,72.75836782,72.81984905,74.88937888,72.67852869,73.38148682,72.15240078,67.90474387,66.65763898,0.799389396,0.62435733,0.233182875,140.9871764,7.721988586,9.29,30.95,61.91,25.47814469,66.90497679,25.47814469,63.43388832,15.70290598,9.921407786,178950.7414,169666.6211,0.072531663
UGA9000474,4486,Kampala,Uganda,Africa,UG,UGA,0.291,32.546,3790894,32.580325,0.316183,1579491,101243098.7,64.09856006,39.8997,7942.183174,16.99999666,16.72699022,64.45417061,17.06731268,16.74341923,65.54055206,16.97858456,16.93253888,65.33823557,0.005676926,0.000613372,32.64488408,0.328680485,3980132524,20876,941639.4046,99264,5629257.091,43.01160154,41.41941456,41.40967227,42.70756702,45.10631369,47.90053169,50.1252197,52.93562134,56.70995619,61.82830166,0.805210476,0.551715372,0.229359422,1014.848175,5.72017034,16.94,56.46,112.91,45.08506588,45.08506588,93.01265659,52.47963375,12.74944182,31.18158253,1709127.057,1989447.287,0.112143266
ZAF9000063,4220,Johannesburg,South Africa,Africa,ZA,ZAF,-26.05,28.016,8314220,28.046713,-26.194566,5676140,308746429.4,54.39373049,24.9916,11205.67042,33.34171965,32.25295818,90.73311227,33.09170245,32.16498484,90.68281638,33.38866447,32.1703579,90.63592278,0.00457625,0.000959774,28.21053103,-26.00073937,3381089615,25129,841668.0443,224013,6500537.52,43.83616932,43.67903829,36.96566826,34.61184855,33.49389328,32.41505896,30.48609318,29.58182455,29.01857267,28.8148275,0.739368507,0.556174902,0.311620847,2295.228358,8.174401599,15.76,130.9,352.86,80.48406858,91.1611971,99.26511686,98.0404278,0.73555747,3.856245835,7579342.482,8151296.856,0.208866599
ZAF9001616,2333,Cape Town,South Africa,Africa,ZA,ZAF,-33.969,18.534,3661684,18.419088,-33.924324,2498103,108419386.8,43.40068715,19.7848,6116.966839,14.97114208,15.09010589,51.52180941,14.90470577,15.43188149,51.65100746,14.8074737,15.06235905,51.766931,0.004385131,0.000575076,18.58210624,-34.01722213,3514274147,45827,882754.6212,194159,4887079.739,18.42254909,19.58731575,17.3730058,17.65568844,19.26276259,20.93425433,22.17454812,24.03231435,25.17050324,26.94177288,0.681945488,0.486947426,0.229252595,819.364749,9.814983233,27.38,127.02,319.84,80.48406858,91.1611971,99.26511686,98.0404278,0.73555747,3.856245835,3338034.968,3589930.658,NA
ZMB9000341,5398,Lusaka,Zambia,Africa,ZM,ZMB,-15.412,28.306,2426689,28.281794,-15.416081,808795,59174974.87,73.16436782,38.345,15274.57259,11.12056531,10.97950724,43.03207516,11.07927848,11.15059532,42.8669371,11.09149746,11.01267655,42.99581691,0.004957562,0.000514224,28.37693298,-15.39959774,4031346042,11849,869266.7085,50836,3692186.924,71.40712515,70.78798428,72.56397381,71.40242957,73.36203127,74.34146034,72.17270083,71.78979075,72.62937533,69.28170858,0.840501901,0.64501708,0.341775878,649.3774662,5.139270483,9.34,32.21,66.62,45.47577751,58.10222691,92.07847641,68.70657123,3.524439223,21.07943288,1409960.349,1667294.806,0.111275313
ZWE9000386,3743,Harare,Zimbabwe,Africa,ZW,ZWE,-17.8292,31.0522,2272905,31.051422,-17.82943,1070351,57940150.78,54.13191633,25.0392,9844.953053,16.62817201,16.01158886,52.71570862,16.42837619,15.44724026,51.85564761,16.42830009,15.56790474,52.46042293,0.006137552,0.00094846,31.02324172,-17.85683313,3557481592,5484,757646.2019,46909,4225010.174,158.2849458,214.1587491,173.3527627,160.330818,138.1557626,108.5496925,90.84461139,86.95759849,90.0682209,86.7106358,0.74682965,0.550970618,0.276621905,850.2399279,8.23942561,12.95,53.6,113.6,55.4940589,66.49156551,68.53748989,65.27800683,5.111385479,2.521234856,1511290.117,1483707.081,0.11485144
BGD9000013,NA,Dhaka,Bangladesh,Asia,BD,BGD,23.7639,90.3889,18627000,90.425371,23.731382,1089222,119796403.1,109.983459,69.0828,49701.50666,13.56326203,12.99052978,42.91654334,13.52492459,13.04161497,42.77856232,13.55016479,13.15577579,42.79834914,0.003474944,0.000539066,90.44220819,23.6941094,6758258308,16837,1708708.167,89415,10068706.7,97.78115077,89.29607077,94.38938713,96.65297403,101.4853101,110.3326509,114.1996256,114.7260538,112.6064608,111.8265176,0.901390445,0.720812835,0.415133187,609.7842117,1.763286647,2.64,8.79,17.58,54.18856171,84.68801625,54.18856171,32.90671042,1.741627986,9.911058027,15774836.79,6129532.95,0.184878614
IDN9000002,NA,Jakarta,Indonesia,Asia,ID,IDN,-6.175,106.8275,33756000,106.827309,-6.175739,6655680,744491962,111.8581365,73.4446,104452.8139,24.47507155,24.97991703,77.34891662,24.78937589,25.28544273,76.65165255,24.46506876,24.69251106,76.86681647,0.002512287,0.000390682,106.7064703,-6.082203377,8830817117,4456,1759677.442,41610,7052710.069,522.617336,520.3369671,507.9396357,434.5680019,394.9006827,246.2713801,195.8184027,177.2405609,169.4955556,166.8601217,0.91397534,0.704795628,0.400257619,1956.649392,3.172531245,8.48,29.22,59.47,34.63023626,74.48418627,34.63023626,29.55915969,0.613185784,0.442411116,25142881.92,9977989.945,0.234720399
IDN9000042,NA,Surabaya,Indonesia,Asia,ID,IDN,-7.2458,112.7378,6499000,112.738052,-7.243775,1826807,172966676.3,94.68251234,57.0388,138140.4639,11.88357152,12.38343697,45.28311052,11.96813867,12.77170125,46.233234,12.01612012,12.30657772,45.94998048,0.003051406,0.00032639,112.6646061,-7.262401725,8048284834,19449,1857902.028,84165,9272275.665,100.434321,101.2544686,98.16005841,92.14394264,95.52686657,95.96590436,103.1269881,106.4755684,110.167833,122.097607,0.870066416,0.630660368,0.372549825,501.4638912,4.143251597,1.93,11,24.75,34.63023626,74.48418627,34.63023626,29.55915969,0.613185784,0.442411116,4840727.266,1921049.788,0.245974622
IDN9000071,NA,Medan,Indonesia,Asia,ID,IDN,3.5894,98.6739,3632000,98.679187,3.591613,1216809,166756637.8,137.044218,92.7205,98292.20144,13.86104995,13.62609454,45.65905219,13.76406787,13.29321598,45.67778052,13.82576225,13.51060625,45.54041945,0.003133504,0.000448522,98.70856975,3.579412444,8724347043,15758,2028721.587,117320,15261387.04,163.0743372,144.5487804,132.7852494,129.8230686,128.7423268,128.5651576,128.2254789,129.5731959,130.0834218,134.2272482,0.940394534,0.813165204,0.509382867,616.0330381,5.445013043,1.67,5.49,10.95,34.63023626,74.48418627,34.63023626,29.55915969,0.613185784,0.442411116,2705265.645,1073588.68,0.099237124
IDN9000135,NA,Denpasar,Indonesia,Asia,ID,IDN,-8.65,115.2167,1779122,115.233856,-8.673105,847258,71655236.76,84.57310141,56.9197,19121.84946,10.4156564,9.656446175,37.78842614,10.40931672,9.720973147,38.27831741,10.33356062,9.539520166,38.309057,0.003956214,0.000466821,115.1969015,-8.6613218,7789289847,18838,1835499.806,139020,13240499.31,100.8953114,120.7861423,108.3723145,100.2031431,97.43602324,92.31365217,90.22479739,94.12807517,95.24168689,93.49647755,0.858998847,0.614629085,0.297093659,293.9749675,5.332953913,NA,NA,NA,34.63023626,74.48418627,34.63023626,29.55915969,0.613185784,0.442411116,1325164.544,525893.5131,0.110264589
IDN9000150,NA,Semarang,Indonesia,Asia,ID,IDN,-6.9667,110.4167,1621384,110.42328,-6.989227,686620,69122295.49,100.6703788,65.4394,85533.05495,7.462850831,7.880474633,26.7427357,7.394972554,7.869321326,26.80625093,7.448034289,7.952980874,26.6742001,0.002850636,0.00034479,110.4270697,-6.976619915,7563485277,16427,1776981.228,128423,12566827.67,113.07575,107.219977,92.88447953,98.90135054,108.1744219,103.8754406,104.5059736,100.0967633,97.85496112,99.85272275,0.89157506,0.66157562,0.362631955,202.6013095,4.694333018,NA,NA,NA,34.63023626,74.48418627,34.63023626,29.55915969,0.613185784,0.442411116,1207674.679,479267.4857,0.380034538
IDN9000157,NA,Palembang,Indonesia,Asia,ID,IDN,-2.9861,104.7556,1535952,104.760804,-2.987893,733297,70860243.18,96.63239203,68.9789,28114.27177,8.817473929,8.988143555,32.62661755,8.721536306,8.762171682,31.8003549,8.765066314,8.788255502,32.88459589,0.003434912,0.00038965,104.7839023,-2.930928771,7035755552,14985,1429005.096,86362,8546471.548,94.42364359,96.45199893,97.94179698,95.81607887,95.36236878,97.33976649,97.67836279,99.5577388,98.96101929,97.08735567,0.89552096,0.657221766,0.308614205,310.9633893,3.89690124,NA,NA,NA,34.63023626,74.48418627,34.63023626,29.55915969,0.613185784,0.442411116,1144041.349,454014.5044,0.104350861
IDN9000179,NA,Makassar,Indonesia,Asia,ID,IDN,-5.1619,119.4362,1338663,119.420656,-5.130501,539931,57982162.46,107.3880967,72.4939,51346.01021,7.567319233,7.546074609,24.30261737,7.542960618,7.549667057,24.31806224,7.578972105,7.591697297,24.28964028,0.002828465,0.000425935,119.4330422,-5.141206251,7746714070,16808,1671010.004,111623,12559588.75,80.68617536,85.29865364,90.85927399,97.21106537,99.41753949,107.1190135,108.4220623,110.1637353,112.5179287,111.0135373,0.907973905,0.698510354,0.37611067,211.1920483,5.815923775,2.5,8.46,27.59,34.63023626,74.48418627,34.63023626,29.55915969,0.613185784,0.442411116,997092.2424,395697.5339,0.118110374
IDN9000211,NA,Bandar Lampung,Indonesia,Asia,ID,IDN,-5.45,105.2667,1166761,105.280374,-5.443954,452294,42659732.22,94.31858973,66.64095,43247.72795,6.225886543,6.051086877,21.54515794,6.254747236,6.197107682,21.15962842,6.241724245,6.244510818,21.30203079,0.002923382,0.000379143,105.2534192,-5.411156525,6956161123,16697,1508771.268,108933,10229250.98,74.41693509,76.78580387,85.46383342,85.60162869,90.36181758,91.8116782,92.70677512,93.34412481,93.90406011,93.07223262,0.886004029,0.65125362,0.308858025,158.7182895,6.460217415,NA,NA,NA,34.63023626,74.48418627,34.63023626,29.55915969,0.613185784,0.442411116,869052.4366,344884.7472,0.064208884
IDN9000590,NA,Bandung,Indonesia,Asia,ID,IDN,-6.912,107.6097,8599000,107.602485,-6.914929,1995083,183424310.4,91.93818525,59.7582,89971.66707,13.86808372,13.65467283,44.42280537,13.78034848,13.54425042,44.36785516,14.00870331,13.69191673,44.44093042,0.002906849,0.000440006,107.5612066,-6.927784496,8191229708,18273,1902266.066,140374,13771986.32,146.9939296,147.9484126,135.5711326,110.5441998,104.1025593,98.27025678,97.80539242,98.27073964,98.10923903,97.06666263,0.870626293,0.616525355,0.333408987,619.2335733,2.609364463,2.45,12.32,31.57,34.63023626,74.48418627,34.63023626,29.55915969,0.613185784,0.442411116,6404895.177,2541792.142,0.131286275
IDN9004621,NA,Batam,Indonesia,Asia,ID,IDN,1.0833,104.0333,1230097,104.009867,1.148084,350941,42514574.22,121.1445064,69.6257,125885.1178,10.2532477,10.34807781,29.11297763,10.28321787,10.4484416,29.04620404,10.22761549,10.60986605,29.13880331,0.003956969,0.000762302,104.0294384,1.149128506,7407289312,13342,1598104.72,68545,8610690.657,126.4827633,118.0452716,120.4958921,117.6441153,119.779997,126.5025801,122.6171903,122.5214516,125.6209885,122.4638349,0.919408151,0.722804012,0.471633944,217.4068874,8.920923898,NA,NA,NA,34.63023626,74.48418627,34.63023626,29.55915969,0.613185784,0.442411116,916227.7408,363606.3366,0.051381065
IND9000003,NA,New Delhi,India,Asia,IN,IND,28.61,77.23,32226000,77.229879,28.612882,5857190,578145441.4,98.70696382,60.19415,49980.24233,35.3030785,34.16873991,112.9613228,35.14552844,34.66825219,113.1304396,35.51275158,35.16747991,113.8917569,0.004163477,0.000631592,77.2654743,28.68816675,7382779853,22724,2096967.236,113696,10760501.4,88.84503031,88.81689752,91.09480341,92.81611286,92.27984668,92.28094,93.64633602,93.51593481,94.64274379,96.70883186,0.879339101,0.664263848,0.389102237,2929.857978,3.442410584,3.54,24.17,58.63,0,82.38996133,0,65.55876811,2.502913642,0.005213088,26550988.94,21126968.61,0.214551318
IND9000005,NA,Mumbai,India,Asia,IN,IND,19.0761,72.8775,24973000,72.819119,18.968949,1402188,193829948,138.233923,65.11255,115925.1426,22.0935196,22.75568474,65.42387836,22.0906179,22.68791783,65.48761856,22.11312614,22.99813354,65.47272751,0.004164576,0.000737637,72.89314864,19.10358298,7290409776,13810,1474502.127,71819,8108627.463,87.09449077,90.11907685,106.4310221,114.8319751,106.7706102,102.6316084,98.91331124,103.8828248,112.9036531,118.9259361,0.918282024,0.793054256,0.601810019,933.7523268,4.359550625,1.13,3.77,7.54,0,82.38996133,0,65.55876811,2.502913642,0.005213088,20575245.04,16371991.16,0.201329132
IND9000015,NA,Kolkata,India,Asia,IN,IND,22.5675,88.37,18502000,88.358792,22.572363,3482151,279742861.4,80.33622361,58.2894,33805.17687,20.76291682,19.7055086,71.86626406,20.74072697,19.98820095,71.59594471,20.85353353,19.78396494,71.50451662,0.003807944,0.000493665,88.38441886,22.53501359,6805508101,12680,1488878.734,96014,9729945.591,96.46398584,105.9455936,115.9517927,118.6559367,117.4194585,111.4244484,109.8280682,102.7212852,101.3388213,98.1991776,0.842713686,0.527451012,0.227751156,717.4672239,4.349837189,1.39,4.62,9.25,0,82.38996133,0,65.55876811,2.502913642,0.005213088,15243790.65,12129683.28,0.128973659
IND9000023,NA,Bangalore,India,Asia,IN,IND,12.9789,77.5917,15386000,77.594172,12.972095,1843205,204529323.6,110.9639588,76.2946,48413.64351,14.09249486,14.14027521,45.77448516,14.13114659,14.34090659,45.07924902,14.30761822,15.19981146,45.33049568,0.002836551,0.000417575,77.52763495,12.98639355,6928418480,13310,1497633.945,109507,11749034,142.7548282,135.4465819,118.4512439,119.42946,112.5194549,105.3050807,105.0497927,106.0798051,107.2902554,105.8971965,0.915306088,0.710419599,0.382361569,902.8268233,2.914625089,2.98,15.78,53.68,0,82.38996133,0,65.55876811,2.502913642,0.005213088,12676519.45,10086872.06,0.308063331
IND9000030,NA,Chennai,India,Asia,IN,IND,13.0825,80.275,12395000,80.274252,13.082905,1607168,169019246.6,105.1658859,70.5592,43843.47475,13.51817056,12.92885601,50.42437771,13.54311436,13.07797607,50.77559248,13.64770785,12.97974572,48.04032681,0.0034373,0.000383696,80.2807195,13.09787307,8179376529,12728,1737356.193,82537,8859772.589,148.3352522,136.1659949,132.9058279,136.4518566,136.4987581,129.9443122,118.7900977,111.245647,107.3430412,103.4556935,0.90216679,0.688528807,0.37579294,608.612685,2.998981193,1.79,19.23,47.35,0,82.38996133,0,65.55876811,2.502913642,0.005213088,10212235.71,8126009.307,0.3051128
IND9000040,NA,Hyderabad,India,Asia,IN,IND,17.385,78.4867,10494000,78.484755,17.380835,2279247,257636537.2,113.0358128,79.49,49193.7125,16.87054405,16.70715786,57.73985891,16.88742861,16.81001538,57.41045727,16.87457432,16.87707593,57.36046065,0.00318799,0.000422706,78.48494306,17.35262888,7746382015,20785,1860021.755,139843,13976294.21,93.88709456,95.51868017,90.98156371,91.59086556,89.48865791,90.96377448,92.39259705,95.96798784,99.9427516,102.6822143,0.920521806,0.735071907,0.387384874,1386.625844,3.633243525,0.53,NA,NA,0,82.38996133,0,65.55876811,2.502913642,0.005213088,8646002.542,6879737.125,0.211307773
IND9000081,NA,Jaipur,India,Asia,IN,IND,26.9,75.8,3073350,75.819625,26.912351,1167573,111182362.6,95.22519161,59.991,24636.59477,11.75599608,11.62940261,33.98280316,11.77071874,11.86050789,34.14369378,11.73988402,11.64209356,33.98051362,0.002856184,0.000530886,75.81477551,26.92610051,6728564526,21823,1683667.733,126676,10471166.93,86.63250585,81.06212761,78.9294235,74.30128807,77.15106688,79.76610958,79.94721979,81.76928482,82.66101651,84.81657404,0.878833658,0.684830257,0.363402721,719.8844348,5.319451928,NA,NA,NA,0,82.38996133,0,65.55876811,2.502913642,0.005213088,2532131.877,2014850.4,0.174102168
IND9002028,NA,Ahmedabad,India,Asia,IN,IND,23.03,72.58,8009000,72.598625,23.025975,1008444,108576310.6,107.667169,67.24445,47076.09675,9.66865957,9.764043728,29.68665163,9.635895879,9.89590365,29.65375943,9.662350826,9.792947067,29.58433324,0.002524868,0.000415972,72.59189462,23.02409639,6947536588,25168,1716377.818,113482,9969309.568,57.6109845,56.13568815,58.75113448,62.83779148,68.19683003,75.02482278,79.69100157,82.73497577,87.84925863,97.09422722,0.900076144,0.690140665,0.423801777,536.1151509,2.323475718,NA,NA,NA,0,82.38996133,0,65.55876811,2.502913642,0.005213088,6598612.003,5250601.738,0.212245925
IND9004453,NA,Pune,India,Asia,IN,IND,18.5203,73.8567,8231000,73.867503,18.525565,1316730,151314717.7,114.9170428,59.58475,124485.9367,17.36625961,17.54701698,56.62403788,17.40168579,18.13038577,55.66464534,17.34784342,17.19908191,55.47283943,0.004079484,0.000595979,73.7770289,18.60957321,5790875055,12435,1148934.521,62089,7079579.126,80.17902365,74.47577434,82.11444898,88.19581941,92.39521682,102.6556139,108.803202,114.3802143,114.0230818,116.2507202,0.898098875,0.73188334,0.505793555,1358.194173,2.880360205,NA,NA,NA,0,82.38996133,0,65.55876811,2.502913642,0.005213088,6781517.717,5396142.203,0.215734987
IND9004463,NA,Surat,India,Asia,IN,IND,21.1702,72.8311,6538000,72.840369,21.205076,533100,74081883.49,138.9643284,77.17395,120841.1249,10.01382533,10.57094913,38.3711261,9.945843996,10.1079792,38.24344199,9.990121462,9.896448352,38.303938,0.003950877,0.000417926,72.8239052,21.21673511,6957503119,10655,1693150.573,73677,9831696.38,147.2231908,132.67056,155.7824493,167.6581335,158.9066704,140.5053724,136.825887,138.2073461,133.4432235,131.3245394,0.9318651,0.78666454,0.550683051,496.5704207,6.002156529,0.42,NA,NA,0,82.38996133,0,65.55876811,2.502913642,0.005213088,5386655.672,4286232.259,0.11685331
KHM9000389,NA,Phnom Penh,Cambodia,Asia,KH,KHM,11.5694,104.9211,2129371,104.92865,11.556365,637849,98416200.51,154.2938854,73.5117,215504.1196,11.30878313,10.63187641,36.31713904,11.23657932,10.81993953,36.24136426,11.27884132,10.57873497,36.18105713,0.003244317,0.000488592,104.8879956,11.54404306,7515304513,11577,1799511.482,74445,13257606.73,144.8992497,148.9226776,143.4839175,142.4793238,155.4384972,154.1020928,163.3149315,170.9307363,178.0859256,175.5399872,0.935073194,0.814258197,0.61966507,549.4835084,4.938482694,2.05,11.86,34.66,57.5,67.88385316,57.5,77.04991696,6.362510515,0,1445499.083,1640678.587,0.113125709
MYS9000053,NA,Kuala Lumpur,Malaysia,Asia,MY,MYS,3.1478,101.6953,8911000,101.69502,3.145446,1850627,353683874,191.1156997,77.2769,305987.9348,25.03922523,24.49239755,73.19962204,25.14459185,24.46938154,72.61269452,25.32275317,25.16422397,74.65640613,0.003449421,0.000626881,101.570395,3.191067073,6626681378,3470,1479933.34,23547,6272663.158,559.434073,622.2084756,503.424576,454.5570113,426.4937578,373.6862193,337.1538195,299.547387,266.3890584,240.9348032,0.945407921,0.872236971,0.731898388,1809.995437,5.632814882,4.32,18.66,48.35,0,97.24576914,0,99.02596491,0.298299905,0,8665570.488,8824203.733,0.25161261
NPL9000788,NA,Kathmandu,Nepal,Asia,NP,NPL,27.7172,85.324,975453,85.327876,27.709591,874365,66816825.58,76.41754368,61.6357,7690.615387,8.721519991,8.524428979,27.61652112,8.698650242,8.567235065,27.56796182,8.692838083,8.494564856,27.76148662,0.002994132,0.000463802,85.32633743,27.67178223,4912087713,18756,1253521.29,115126,9097321.808,56.50466573,54.30781298,55.80574356,60.49119915,66.83308221,75.12519643,76.22810883,77.8023802,79.0205671,78.51272457,0.847359137,0.495587446,0.166134338,408.4483432,4.706407943,18.24,33.84,67.74,23.16235749,74.90112568,23.16235749,52.3952878,3.232169371,0.44469885,730625.2775,511091.4067,0.229431136
PAK9000022,NA,Karachi,Pakistan,Asia,PK,PAK,24.86,67.01,15738000,67.002087,24.849182,2361521,218571014.6,92.55518567,54.6501,52602.42803,14.50760611,14.81074847,50.3607311,14.54448841,14.39440772,51.21328687,14.57283304,14.52863795,49.94250938,0.003018844,0.000389102,66.99419297,24.9282381,7128995581,24619,1781602.393,192572,14491882.1,230.1298625,140.0304471,92.391688,77.58933649,72.36696831,67.7243407,71.28102881,74.03013372,75.25435733,75.32218549,0.862694765,0.644376726,0.395980326,843.8554332,2.759428003,0.94,0.94,0.94,56.78443854,66.17567659,56.78443854,39.00613012,4.622856175,9.365232957,10414727.98,6138784.758,NA
PHL9000006,NA,Manila,Philippines,Asia,PH,PHL,14.5958,120.9772,24922000,120.983366,14.598171,3628485,311759321.4,85.91996975,47.2776,68222.22593,20.65517461,19.99955487,63.11663897,20.65093019,19.86336009,63.29020103,20.78536331,19.80398298,63.66343131,0.003167956,0.000526943,121.0526683,14.47621289,7195050413,16576,1601397.559,91261,8013734.012,564.1040441,339.1604729,128.0651049,102.719278,96.60940869,97.44900386,94.17228503,90.88976903,87.81115715,88.56355098,0.834155332,0.619143381,0.379270038,963.8142825,2.740282208,4.33,26.33,73.13,61.91422326,91.91110161,61.91422326,81.21474111,1.53484987,1.890554053,22906084.74,20240337.78,0.262911549
PHL9000136,NA,Davao,Philippines,Asia,PH,PHL,7.0667,125.6,1776949,125.607648,7.070148,446908,38781500.31,86.77736873,56.439,58555.60413,9.39545002,9.257949315,29.45239449,9.34276615,8.726311986,29.59014113,9.353729958,8.957161211,29.56643946,0.004191343,0.000662464,125.6212143,7.075278075,6650781349,11600,1311577.675,68495,6962267.694,347.71215,239.2765691,154.4106391,110.2434736,113.0670409,109.3323515,111.5920365,105.2753245,101.6463639,99.8743828,0.858862356,0.591039966,0.318921398,222.8235182,3.706162645,10.32,30.82,73.48,61.91422326,91.91110161,61.91422326,81.21474111,1.53484987,1.890554053,1633213.401,1443144.53,0.080482874
THA9000016,NA,Bangkok,Thailand,Asia,TH,THA,13.7525,100.4942,18007000,100.502114,13.756876,5670084,825443386.9,145.5786875,77.9839,203094.2303,32.52491625,32.71484544,134.2158684,32.54304368,33.43875269,134.0215885,32.65425149,33.69544948,134.2766319,0.004140046,0.000377611,100.562778,13.77390741,6572941405,11056,1477144.003,72401,10537952.33,127.1463234,143.0528709,134.292136,130.6506994,133.6056443,149.3365781,149.2862276,146.4809873,145.5498173,149.2107849,0.932664111,0.820702954,0.575698606,2575.448748,4.060975379,5.79,26.8,59.54,0,100,0,92.50578146,0,0,18007000,16657516.07,NA
VNM9000020,NA,Ho Chi Minh City,Vietnam,Asia,VN,VNM,10.7756,106.7019,15136000,106.696322,10.778004,4541323,454839794.2,100.1557903,50.421,183599.9601,22.51425815,24.01106436,70.29138457,22.53280915,24.47473476,69.87695505,22.36496438,23.37336743,70.68714916,0.002920908,0.000465419,106.8769382,10.93857578,7792012353,16867,1706199.849,90230,10651672.22,116.4938398,95.57294841,84.73038565,90.85201071,101.1560947,105.5867765,106.6943169,117.0408524,118.0502297,112.8174287,0.864424911,0.666028414,0.457372542,1747.929852,3.310971149,3.78,22.05,49.25,75.76801365,99.10160562,75.76801365,85.92295508,0,0.138691443,15000019.03,13005298.48,0.154878635
VNM9000059,NA,Hanoi,Vietnam,Asia,VN,VNM,21.0283,105.8542,8246600,105.836033,21.030436,2373072,200645972.3,84.55115241,49.75685,91292.33564,18.35561678,19.02645236,50.0235733,18.34245713,19.02037098,49.79050649,18.39685844,18.92733739,50.06552024,0.003129712,0.000654497,105.8573496,20.99081374,5735048730,23068,1342123.664,136742,9062116.581,53.55614718,49.26767548,51.28446839,56.62647378,58.18118884,60.50494297,60.24307667,64.42656733,66.27163988,65.85153016,0.830260753,0.568662743,0.35333736,1416.920948,3.193222372,3.99,NA,NA,75.76801365,99.10160562,75.76801365,85.92295508,0,0.138691443,8172513.009,7085722.414,0.12519446
DOM9004415,NA,Santo Domingo,Dominican Republic,Latin America,DO,DOM,18.4764,-69.8933,2581827,-69.884518,18.473583,1228162,116540861.6,94.89046367,64.0794,45805.33135,16.03127764,15.56604345,60.07806304,15.96565971,15.59323852,60.90447618,15.82242056,15.51653676,60.81392861,0.004931985,0.000545433,-69.98082563,18.46911017,6422443127,18490,1562896.034,90572,9995711.283,92.21483579,86.2858753,75.11150487,78.26626048,84.52655675,98.39926078,105.478624,108.717377,110.3620466,109.3679157,0.881730642,0.654356552,0.31245882,687.8747952,7.419025616,NA,NA,NA,46.87828274,97.7804092,46.87828274,83.19655116,0.408604752,1.40177672,2524521.005,2147991.021,NA
ARG9000019,NA,Buenos Aires,Argentina,Latin America,AR,ARG,-34.5997,-58.3819,16710000,-58.389111,-34.609504,7839381,574728814.6,73.31303512,51.0553,30324.06542,30.56233485,29.85813192,109.7393585,30.96966491,31.10623174,109.293624,30.59974576,30.03658464,108.9109914,0.004056728,0.000488696,-58.53103715,-34.58798854,5363619908,14907,1542382.842,130960,10289311.3,168.7613276,136.5873946,114.9933606,106.1019542,103.4670183,87.5297133,81.14182522,79.14907662,78.56835137,76.56242827,0.810912264,0.49904637,0.219431211,2530.566295,4.878581878,11.69,42.72,87.04,0,99.41846336,0,99.06500165,0,0,16612825.23,16553761.78,0.220600967
BOL9004414,NA,La Paz,Bolivia,Latin America,BO,BOL,-16.5,-68.15,2867504,-68.131395,-16.504085,1086073,68134979.89,62.73517516,42.7954,11239.04468,9.002683105,8.901821158,27.86440576,8.899907138,9.048454122,27.82148594,8.973452888,8.88209053,27.41988363,0.002991642,0.00048503,-68.14058479,-16.4978774,7053836505,14753,1757302.483,139030,10730990,196.1938212,130.9599976,132.8208451,131.6603383,119.1149246,87.84646562,79.54158662,78.30005929,77.18470834,72.65783291,0.757966063,0.459629131,0.177939744,303.269136,5.800460903,6.89,32.2,78.24,0,96.4464189,0,85.88127633,0.090883968,0,2765604.92,2462649.034,0.243375247
BRA9000008,NA,Sao Paulo,Brazil,Latin America,BR,BRA,-23.55,-46.6333,23086000,-46.634937,-23.551743,6963555,619789041.4,89.00468818,55.0214,68768.41571,24.86565788,25.12035513,85.07250642,24.79962061,24.9408616,84.51009271,24.82490435,24.73982031,85.42225246,0.003028393,0.000401836,-46.61852573,-23.53789527,6553244814,7870,1696363.307,63558,10645639.19,223.9281437,309.2132283,267.1756891,236.0475668,215.5480695,180.1737989,175.444638,174.7190256,167.4948738,146.9024191,0.852216997,0.615649241,0.336123896,2032.650134,3.683851794,11.42,91.42,229.11,88.85637977,99.82213934,88.85637977,99.82213934,0,5.324805275,23044939.09,23044939.09,0.267584332
BRA9000029,NA,Rio de Janeiro,Brazil,Latin America,BR,BRA,-22.9111,-43.2056,12592000,-43.180365,-22.909313,4225772,366900937.1,86.82459373,62.3321,43682.63879,28.35860327,28.0745252,103.9947807,28.52740686,28.391286,104.2052413,28.57189159,28.34345469,104.473264,0.004811518,0.000555704,-43.12123473,-22.88807262,6093584284,6047,1106432.306,41393,5002507.76,267.9379329,234.1771552,234.2409335,221.8211955,182.9721028,147.1987634,132.6344184,127.1330279,120.853955,110.6796511,0.867267825,0.584071073,0.264124366,1455.209356,6.263517363,11.82,96.89,396.21,88.85637977,99.82213934,88.85637977,99.82213934,0,5.324805275,12569603.79,12569603.79,0.161616413
BRA9000086,NA,Salvador,Brazil,Latin America,BR,BRA,-12.9747,-38.4767,2886698,-38.510074,-12.97291,879854,82217096.84,93.44402235,62.62465,53790.59078,12.24796272,12.53419495,46.9097565,12.21638154,12.339538,46.91094398,12.13833218,12.23248739,46.87082647,0.00458487,0.000485449,-38.48918208,-12.94992566,6974265979,19163,1655014.356,106376,10058777.86,101.1221328,88.61796753,85.95232885,86.75730992,86.3650971,90.8626068,92.7145206,94.03912758,94.55871489,94.68860145,0.875528679,0.611192961,0.326881427,447.2502718,5.819495189,19.74,125.65,335.91,88.85637977,99.82213934,88.85637977,99.82213934,0,5.324805275,2881563.7,2881563.7,NA
BRA9000128,NA,Belo Horizonte,Brazil,Latin America,BR,BRA,-19.9167,-43.9333,5328000,-43.945842,-19.923063,2296323,213913444.4,93.15477152,63.1994,50534.47296,17.97223895,17.50819185,67.06330954,17.8830421,17.48272743,67.45668667,18.02770635,17.48071042,67.10714455,0.004063599,0.000453273,-43.96093278,-19.90823453,5880977240,14084,1465768.523,96753,10742863.41,138.0875096,129.2912533,109.7459142,106.1605699,104.0733118,103.8809784,109.0458032,109.181094,111.033905,111.4744897,0.879095608,0.651866094,0.316256731,1069.252824,5.509480174,16.68,99.34,238.89,88.85637977,99.82213934,88.85637977,99.82213934,0,5.324805275,5318523.584,5318523.584,0.175579974
BRA9000262,NA,Brasilia,Brazil,Latin America,BR,BRA,-15.7939,-47.8828,3039444,-47.882575,-15.79346,1402636,158739068.9,113.1719626,75.3747,46493.37209,25.41961918,24.18332894,75.27370353,25.52635414,24.50867428,76.37739571,25.55692842,24.51493888,75.53682301,0.00529476,0.000937805,-47.76967428,-15.74935604,7049246951,15282,1389849.421,37187,3888619.438,84.94717277,88.93482491,91.96923409,91.39444353,90.94682772,92.56977718,97.51631482,101.1710313,104.5693236,106.0681805,0.914803774,0.727405246,0.417687913,1053.57665,12.48165067,15.66,129.52,372.46,88.85637977,99.82213934,88.85637977,99.82213934,0,5.324805275,3034038.025,3034038.025,0.140939968
COL9000064,NA,Bogota,Colombia,Latin America,CO,COL,4.7111,-74.0722,7968095,-74.076102,4.597901,1275641,159841855,125.3031653,67.3696,194059.1218,13.06927657,14.00483434,48.42327609,13.03388112,14.60471646,47.86627483,13.03489398,14.35177233,48.22863983,0.003394328,0.000384029,-74.32630831,4.777264795,8009727462,911,1049268.65,7111,3638008.536,2983.742086,2842.6,2154.302669,1536.513976,1151.776784,716.8412763,614.3492545,530.7135388,511.6029442,525.3211987,0.913319513,0.716229995,0.508271831,550.229257,4.489594702,13.61,40.72,79.45,81.22431443,99.60634701,91.56,94.85836716,0.081920675,0.438343503,7936728.356,7558404.811,0.209977457
COL9000329,NA,Medellin,Colombia,Latin America,CO,COL,6.2308,-75.5906,2529403,-75.567845,6.251887,595789,57527412.05,96.5566871,57.1687,58944.24163,8.691084446,8.740602322,29.94402881,8.642998383,9.040193148,29.83715842,8.657999531,8.570610589,30.01475972,0.003498789,0.000457784,-75.58099372,6.289800368,6669852455,19445,1469447.36,95644,8208525.067,59.85748061,68.87560161,70.10960677,73.52944278,75.5694194,80.22248165,83.95893063,86.95810139,85.82373245,83.00423558,0.869999916,0.64395609,0.398949339,232.2990724,4.361523061,18.73,57.36,112.54,81.22431443,99.60634701,91.56,94.85836716,0.081920675,0.438343503,2519445.929,2399350.385,0.15488361
COL9000339,NA,Cali,Colombia,Latin America,CO,COL,3.4206,-76.5222,2471474,-76.531654,3.454379,490234,52772825.96,107.6482373,65.4459,79991.799,7.691322421,7.753258511,31.15081034,7.631588944,7.568065081,30.8254659,7.653654325,7.679460803,30.82661177,0.003800223,0.000359822,-76.52482749,3.454029405,7499181731,6711,1541593.502,70744,10466538.78,203.9458366,211.7444349,247.6688172,252.6896584,229.7114442,204.8598862,180.7930381,160.8599107,147.9494909,130.664367,0.901059758,0.686579435,0.417612949,218.6670431,4.370942803,10.42,30.6,59.43,81.22431443,99.60634701,91.56,94.85836716,0.081920675,0.438343503,2461744.969,2344399.881,0.156287257
CRI9004418,NA,San Jose,Costa Rica,Latin America,CR,CRI,9.9325,-84.08,1543000,-84.079156,9.933145,1000411,123604920,123.5541392,78.5527,94979.31698,14.27183923,13.97516871,51.05029966,14.27439801,13.93188259,51.19329785,14.27447773,13.86244923,50.9971084,0.004069353,0.000493973,-84.08236044,9.933764815,7599662518,5932,1668777.707,68245,11365958.89,447.0546214,472.0338956,470.2055324,344.6387601,281.3178872,216.4359835,186.4382048,174.7186661,166.5463975,148.6264265,0.923964079,0.771273619,0.4702114,603.0658233,7.610276696,34.3,111.51,231.43,80.38785,99.42368286,96.37303583,100,0.150347143,0.757264385,1534107.427,1543000,0.174023203
ECU9000294,NA,Guayaquil,Ecuador,Latin America,EC,ECU,-2.19,-79.8875,2723665,-79.884976,-2.194852,938390,96974325.44,103.3411752,73.19965,69666.86835,11.6856535,11.15910339,38.42503464,11.73857801,11.25505814,38.00334401,11.69665749,11.12837139,38.17333638,0.003458046,0.000496733,-79.9084769,-2.23239193,7501730181,14538,1558140.676,116358,12059927.8,95.04107454,101.7115051,102.7060606,107.6827515,107.1770998,107.4412515,102.5911219,104.1605865,103.6450249,102.4277098,0.908045043,0.666650383,0.341763478,421.6299304,7.356890566,14.25,35.05,80.33,74.65207,100,74.65207,100,0,0,2723665,2723665,0.115502003
ECU9000410,NA,Quito,Ecuador,Latin America,EC,ECU,-0.22,-78.5125,2011388,-78.514987,-0.221358,1318288,116653879,88.48891817,54.1722,63239.13525,15.83889573,16.19549079,53.78657055,16.02387069,16.65876331,53.50174511,15.94094893,16.62029215,53.57434905,0.004413358,0.00059441,-78.51229834,-0.218255149,7227353436,13358,1581913.367,82101,7246375.183,359.6780937,225.0981996,161.0466099,139.0428917,118.4244173,98.84316222,92.076214,90.3919156,88.26171646,84.40806653,0.861220782,0.640979069,0.336443984,774.8095091,7.713988492,8.54,35.88,71.88,74.65207,100,74.65207,100,0,0,2011388,2011388,0.164214962
GTM9000274,NA,Guatemala City,Guatemala,Latin America,GT,GTM,14.6099,-90.5252,2934841,-90.51394,14.641789,1267100,116910681.1,92.26634135,54.3276,75877.19481,13.39415415,12.37373169,55.18213019,13.36982118,12.6759459,55.12204405,13.22399975,13.04986058,55.24064199,0.004522893,0.000413871,-90.51139873,14.64648914,7790023048,8827,1819109.217,86630,10104923.78,346.8622219,323.5766752,299.398336,245.5466866,206.0846513,160.8912116,140.1737959,121.9129756,116.644624,109.2126411,0.858552082,0.627896858,0.377430123,691.0734464,6.300738829,6.55,19.38,60.26,65.54417034,94.94683195,68.12489614,88.77032836,0.277443253,7.980541263,2786538.552,2605267.993,0.107166178
HND9000473,NA,Tegucigalpa,Honduras,Latin America,HN,HND,14.1,-87.2167,1682725,-87.205185,14.103884,440406,34871110.87,79.17946365,52.77005,25775.05718,6.393386865,6.005509492,23.9786682,6.369609948,6.001963664,23.63789514,6.389972251,6.168850358,23.6409586,0.003598629,0.000397341,-87.22317728,14.10099498,6207829381,20267,1428556.734,112343,8905889.384,80.32102212,67.43642386,70.17743924,70.36419207,70.48683742,73.65239698,79.85771855,79.62983757,79.27409259,78.73644789,0.832159691,0.55205769,0.276923682,211.5771355,5.396837652,NA,NA,NA,78.43548,96.66247031,78.43548,95.83171601,0.783506344,2.077771383,1626563.554,1612584.243,0.081922131
HTI9004421,NA,Port-au-Prince,Haiti,Latin America,HT,HTI,18.5333,-72.3333,987310,-72.335196,18.540879,958149,64856234.47,67.6890906,41.167,13818.89043,11.32834826,10.50510637,39.35334104,11.28012899,10.65138421,39.44817479,11.21409134,10.47863274,39.43484488,0.004330626,0.00055736,-72.32530818,18.54991161,6586905720,22409,1511918.785,121166,9549643.912,52.73416921,61.69547162,63.99160626,65.70553079,67.46926612,73.26026792,79.70949762,80.5615934,78.81455121,73.1878521,0.778123981,0.539882368,0.259477788,385.8246269,6.426632321,NA,NA,NA,0,8.130145384,0,15.31841574,7.227673879,9.030587202,80269.73839,151240.2504,0.099288163
MEX9000010,NA,Mexico City,Mexico,Latin America,MX,MEX,19.4333,-99.1333,21804000,-99.133377,19.432273,7374899,562573060.8,76.28213767,48.1351,74171.1403,24.15740315,23.89256861,74.00188349,24.1074372,23.80132944,73.37908679,23.99099408,23.08901304,74.11044078,0.00276502,0.000457644,-99.13021903,19.43836337,7429596175,9521,1782561.493,99253,11865811.32,216.7680534,297.8035061,268.5775615,223.6937828,187.2241879,155.4433585,145.1565455,133.5053731,119.5511603,107.9217635,0.81738234,0.546054666,0.281682658,1867.671439,3.608683733,13.37,84.89,312.09,0,98.35408949,0,99.07582225,0,0,21445125.67,21602492.28,0.202807454
MEX9000115,NA,Guadalajara,Mexico,Latin America,MX,MEX,20.6767,-103.3475,5525000,-103.34696,20.676609,2519585,212555101.9,84.36115549,48.8819,94558.88616,15.03367105,15.75130896,51.62323104,14.95630357,15.72772379,51.53126657,14.9620602,16.72659577,51.68725758,0.00313801,0.000413342,-103.3647996,20.68495011,6732204247,19030,1647946.97,119377,11779484.67,87.31670609,82.48625724,83.18728822,81.79488005,86.59731843,93.03303756,99.04696192,99.90932048,98.67465819,93.67217486,0.841281992,0.603699707,0.356660017,947.7024838,4.879098521,11.71,48.68,108.78,0,98.35408949,0,99.07582225,0,0,5434063.444,5473939.179,0.131002739
MEX9000127,NA,Monterrey,Mexico,Latin America,MX,MEX,25.6667,-100.3,5341171,-100.309994,25.668764,2354828,238197538.4,101.1528393,63.55995,189219.1413,18.23394121,16.99934885,60.48587991,18.23619512,17.95738166,60.457276,18.35159866,17.54794784,60.51273916,0.003473204,0.000490228,-100.3055066,25.71020244,5842039464,3085,1254315.869,54000,10331555.19,968.6930353,1037.322293,408.1878579,399.0801197,406.5853709,311.3161167,272.4467609,221.6906811,191.3250962,155.7996484,0.890757977,0.63604071,0.375135911,1038.146586,7.637385497,9,84.09,274.81,0,98.35408949,0,99.07582225,0,0,5253260.105,5291809.086,0.123962434
MEX9000152,NA,Puebla,Mexico,Latin America,MX,MEX,19.0333,-98.1833,1576259,-98.198547,19.044369,1931811,156871984.5,81.20462326,50.3783,56240.23571,19.20594388,18.43186864,61.41323591,19.15233964,17.72414176,61.14406032,19.08222596,18.21271752,61.60173474,0.004345445,0.00066008,-98.19988327,19.04780986,7863136456,8024,1774525.444,97550,12353411.12,277.8919236,339.5947787,288.1040534,256.817982,221.1522238,171.1775454,148.4060864,136.2396135,126.6367106,116.7854417,0.834779688,0.591967442,0.302666431,982.6505145,10.27193649,5.8,42.18,94.14,0,98.35408949,0,99.07582225,0,0,1550315.187,1561691.565,0.167285353
MEX9000295,NA,Merida,Mexico,Latin America,MX,MEX,20.97,-89.62,892363,-89.623728,20.967167,975119,78841770.15,80.85348572,53.0959,34723.41056,9.646872004,9.391491818,35.05272851,9.642790444,9.14856033,34.89739272,9.638772183,9.343935374,35.03352252,0.003498554,0.00041156,-89.62267826,20.96428956,6452698083,13018,1552344.283,121353,11038186.87,143.3846701,172.7025214,161.9989509,135.7270645,119.2459889,101.1219303,92.69179488,91.24907253,90.95932416,89.97944577,0.838498123,0.584196404,0.27071056,485.6346485,6.387351846,3.98,7.95,23.81,0,98.35408949,0,99.07582225,0,0,877675.5036,884115.9797,0.131446959
MEX9000331,NA,Queretaro,Mexico,Latin America,MX,MEX,20.5875,-100.3928,801940,-100.389739,20.59312,851824,75228503.8,88.31460936,47.58285,170184.1765,11.9034447,13.68276883,43.38146116,11.89289093,13.81786397,43.23711572,11.91027049,12.25846092,43.52776315,0.004432593,0.000518334,-100.3940584,20.59359718,5999189390,17951,1462251.807,111822,9604954.605,106.217263,108.5050171,93.1344799,83.41375616,81.45795818,80.789738,81.62422373,85.84644971,85.89503501,82.86410673,0.84903346,0.626171061,0.396277108,629.3828691,8.823320571,13.19,81.24,212.82,0,98.35408949,0,99.07582225,0,0,788740.7853,794528.649,0.145383839
MEX9002162,NA,Leon,Mexico,Latin America,MX,MEX,21.1167,-101.6833,1579803,-101.682701,21.121925,774163,62900367.59,81.24951411,48.9594,82577.25537,7.916643236,7.899364722,28.09309123,7.887581792,7.744885431,27.82558688,7.845087956,7.7632213,27.76597703,0.003139192,0.000387183,-101.683259,21.12096847,6650306246,20116,1660596.323,160980,12753762.07,274.4996,173.1548269,118.5130888,92.94787663,82.55102023,78.88469307,78.24529366,78.87725694,79.22575517,79.27196958,0.827733569,0.565746014,0.324372282,358.5868515,4.216449951,15.34,84.94,212.74,0,98.35408949,0,99.07582225,0,0,1553800.856,1565202.812,0.119434399
MEX9002243,NA,Cancun,Mexico,Latin America,MX,MEX,21.1606,-86.8475,888797,-86.824175,21.161338,339609,31438960.61,92.57399131,59.3868,49820.043,7.013304535,7.687223397,36.076556,7.048991682,7.591277625,36.34167721,7.025391086,7.931046134,36.44652879,0.005702114,0.000334693,-86.84311273,21.17163424,5212905960,15683,1279272.813,109793,9153265.123,81.69532434,80.06100427,82.58944078,83.07272187,81.57066973,80.91097077,83.56639262,84.13537864,83.36838526,84.193969,0.870279059,0.643258184,0.342396175,208.9666932,5.853352792,17.5,141.89,484.92,0,98.35408949,0,99.07582225,0,0,874168.1968,880582.9359,0.095896241
MEX9002305,NA,Acapulco,Mexico,Latin America,MX,MEX,16.8636,-99.8825,673478,-99.872513,16.859189,379624,29396950.17,77.43701707,53.7369,29712.11805,9.089862354,9.096477468,52.04955733,9.056878221,9.034637523,52.01290271,8.960249148,9.308450893,51.92615007,0.008507674,0.000403001,-99.90690994,16.85406079,5776956337,12762,1229778.919,63876,5515726.041,77.88513239,85.28299895,90.3293888,98.34344934,96.36255439,95.66625909,90.4414759,87.46672246,86.35052353,84.09559436,0.830132169,0.539835056,0.241813514,243.1504812,7.433931699,8.97,41.53,107.5,0,98.35408949,0,99.07582225,0,0,662393.1548,667253.8662,0.059586294
NIC9000744,NA,Managua,Nicaragua,Latin America,NI,NIC,12.1544,-86.2738,1028808,-86.266443,12.129613,502344,45253109.09,90.08390483,56.99385,39654.39631,8.273998071,7.851993746,27.90151307,8.312073753,7.946804389,27.79376592,8.261155033,7.869490733,28.02523824,0.003675771,0.000502041,-86.25877374,12.14760657,6767464471,13333,1420448.818,75757,7805143.034,87.5412507,102.4786585,99.47617216,106.6560019,106.5363247,103.6738865,101.6645173,100.8878024,103.0286711,103.429887,0.863354656,0.632328497,0.347239789,233.4660674,6.880909102,2.92,14.83,52.71,67.30475784,97.17107933,96.24026743,95.48633654,0.107552314,0,999703.8378,982371.0692,0.205285935
PER9004398,NA,Lima,Peru,Latin America,PE,PER,-12.06,-77.0375,10320000,-77.03058,-12.046023,1568712,186210219.4,118.7026168,76.1336,90611.11555,14.19994316,13.67557723,43.67519462,14.22744588,13.88802352,43.71033666,14.24918128,13.41427994,43.52761914,0.002836469,0.00046569,-77.01990317,-12.11289983,7321569911,7862,1605771.013,65740,10030843.26,274.1296046,274.8140766,246.847122,226.5086746,204.2445959,183.7792949,170.2555927,160.5047308,152.5835604,145.5816643,0.918977679,0.745179426,0.439000242,529.8578883,3.190385775,10.58,38.02,142.59,59.82331253,90.04753152,59.82331253,95.21669462,0.499606694,4.88510088,9292905.253,9826362.885,0.285494117
PRY9001375,NA,Asuncion,Paraguay,Latin America,PY,PRY,-25.3,-57.6333,524190,-57.63491,-25.282896,1296577,109643401,84.56374054,54.8291,29670.2936,12.94884898,12.301598,39.06586776,12.9207684,12.52151601,39.03579427,12.99965136,12.37239862,38.94712404,0.003306368,0.000564201,-57.62337525,-25.29931501,5278270266,14240,1332197.676,106810,9941042.015,187.9953126,123.3197159,97.71991829,90.92979393,93.55320761,92.68758901,95.13834993,92.92469168,93.07220311,95.05968736,0.850341282,0.613039568,0.299929503,769.9998324,18.95034971,6.11,20.87,44.34,72.20647696,99.02281618,72.20647696,100,0.113251464,0,519067.7001,524190,0.108875085
SLV9004426,NA,San Salvador,El Salvador,Latin America,SV,SLV,13.6989,-89.1914,567698,-89.19158,13.698074,538505,49762112.62,92.40789337,52.1626,45399.8077,8.451574702,8.315830513,30.99931304,8.417499567,8.366719126,30.95238546,8.418879475,8.305641649,30.99212815,0.003894463,0.000449608,-89.1943156,13.69716768,6397357844,9015,1422889.689,92357,10082553.83,192.0234771,215.5884434,217.3518758,181.8810914,157.8357946,135.8855443,122.2290786,114.4730021,109.1693519,101.796219,0.854731538,0.64060232,0.408711307,203.1404686,8.189632501,19.74,125.65,335.91,78.5708604,97.023492,99.42444444,95.86966296,0,0,550800.4236,544250.1592,0.103841854
